time,fx,fy,fz
1786776017.0872638,0.08039933507819619,0.7663637880850374,3.3683560367057748
1786776017.117942,0.07849220639132959,0.6996641821906664,3.378814532521675
1786776017.1519794,-0.03115764017552536,0.6482264652245817,3.2896424863364473
1786776017.1824372,0.06608980426079825,0.6261675193971001,3.3930208639927706
1786776017.21319,0.082783289305981,0.507010130550718,3.4105318970289122
1786776017.2950249,0.0527597526965522,0.7166451099369482,3.3796984661310603
1786776017.3255212,0.007474637893714942,0.38868857709985605,3.3831869550676963
1786776017.3595197,0.07282453933663646,0.5917918572324155,3.3473163988531454
1786776017.3900592,0.06761057652892966,0.7759763416569285,3.467876858606486
1786776017.4241667,0.05550018211869201,0.7547750338642345,3.3757739404257663
1786776017.4548106,0.01663914674457523,0.5218396584181448,3.3586865814296143
1786776017.4853225,0.056774289177942805,0.5596725395930875,3.405424762253462
1786776017.519548,0.12517031964040548,0.572275425092279,3.399444040259132
1786776017.5497775,0.013282395097469646,0.7393323824002707,3.4752921048882577
1786776017.5838265,0.11790962732384358,0.5380369754717904,3.45803024572513
1786776017.614429,0.08078979577504342,0.509610608251414,3.409089163151986
1786776017.695989,0.13125988720919501,0.8893407675542662,3.2893658890040403
1786776017.7264907,0.23790635724265563,1.919833705829653,2.4844433829974477
1786776017.7569702,0.4234223654586238,0.05664385029338348,1.6892524343496351
1786776017.7909317,0.498122169350637,-1.3469172496962045,2.168094040287416
1786776017.8214574,0.4836197672471769,-1.6129231240109192,2.040678610503404
1786776017.8553452,0.612265585568931,-1.403361013801586,1.7256019555464928
1786776017.8860378,0.959541253386929,6.2362497100007985,0.5933398805842742
1786776017.9200583,2.0724418600505903,1.3276014727366672,2.023627257633118
1786776017.9506373,0.7606438444893353,7.351445847975832,-5.189497531423143
1786776018.0178463,-0.27011174873345034,5.685192466037947,-10.216942413981013
1786776018.0930097,-0.4132273676587328,3.1941283633586934,-12.953817916753884
1786776018.1271122,-0.32984164351641887,1.3892121583989407,-12.566246502616274
1786776018.1576443,-0.45590878281622516,2.4960798343096613,-12.717751128384922
1786776018.1916432,-0.3896813926291802,-2.3826593359643695,-10.927066262738332
1786776018.2222936,-0.24510244479470877,-5.107553618157979,-8.338358241035422
1786776018.256091,-0.7449466313065489,-8.782530526201867,-4.1357570817579585
1786776018.2866616,-0.30236852600464736,-7.4883085619704275,0.2219430270414975
1786776018.3171985,0.21635504445283793,-4.221020519378193,4.486785116641313
1786776018.351204,0.6254721837992037,1.1199583642960533,5.297135027329034
1786776018.3816776,0.21275917709385972,4.112246992483691,3.1181534504859165
1786776018.4156609,0.46381612449352083,2.7576932105867726,1.9916923181771935
1786776018.4818127,0.7612197738313107,0.5598614123886279,2.3611453699549045
1786776018.4957328,0.44188859133155667,-0.7036067694421533,3.1009598346773437
1786776018.5263798,-0.08921161868825855,-0.9335737611063806,3.2663076565676885
1786776018.556894,0.1320823114602181,1.0786257447663488,3.5990093915696093
1786776018.5908546,0.32082911103624134,0.911616536224841,3.4633116364604
1786776018.621427,0.2932071794969069,0.7330917576169753,3.221462196309929
1786776018.6553996,0.47268249230671877,0.33601126146628246,2.905713099849388
1786776018.6859446,0.6765076581962273,-0.8134474564433347,3.4568292525748454
1786776018.7199218,0.2954256792018679,-0.20917282807339177,3.5098419813855184
1786776018.750392,0.16599912363914093,-0.08398347491093716,3.7624785995057852
1786776018.7809138,0.3709596419386312,0.8791654461725003,3.6311892270279547
1786776018.8149536,0.4762282575365848,0.36471378366524476,3.500067746883399
1786776018.8930156,0.32055338521511345,-0.1834641840390887,3.2831874691279026
1786776018.927046,0.44262356724625107,-0.42887677131980695,3.3623251425701337
1786776018.9575734,0.35350656317430484,-0.39608704839402264,3.7341970932099855
1786776018.991557,0.17112178528094546,0.3146077811956971,3.5850350306391814
1786776019.022097,0.25622103787450357,0.4011542636865997,3.552363267490996
1786776019.0559866,0.37107776397711056,0.22086846411929884,3.565042822284017
1786776019.0866003,0.4715800171230402,-0.3850026534503641,3.4772274399221175
1786776019.11721,0.2639633902262286,0.31282568010046674,3.160411539293026
1786776019.1512122,0.6649925361408382,1.0977471604140945,2.433618187910776
1786776019.1818013,0.751646441656975,0.17216550135939457,1.7553194874146367
1786776019.2158935,0.7045081626927807,-1.8739415270964699,2.104090321570389
1786776019.2940443,2.5292298072925803,9.458062135997253,-1.3506985056893477
1786776019.327946,0.7390154370903126,16.83252221673846,-2.1200258310359104
1786776019.3584816,0.6122333968749754,-0.34703447572713486,-4.5655958528825735
1786776019.3890338,0.2758179039638389,11.293693375078597,-9.227109252817137
1786776019.4418068,-0.09573961992396107,3.6790379461924587,-10.057068638672142
1786776019.4556522,-0.2281949334406992,3.4096941298180994,-11.398728213606844
1786776019.4862447,-0.08279408564402146,5.162148901844347,-12.650064613577168
1786776019.5169075,-0.4544281017398024,2.0638195801058004,-12.524949892192716
1786776019.5509026,-0.2172220506817677,1.6549328315535163,-12.490564404811952
1786776019.5818186,-0.7072890835318777,2.1254852796982746,-12.563958573629098
1786776019.6156383,-0.5538716926072969,-2.692533497259795,-10.654736815575134
1786776019.6937714,-0.5210493959040026,-9.128071304198478,-4.013186914481828
1786776019.727912,-0.3418494241304497,-6.969866405336347,0.43022630287166663
1786776019.7583737,0.24404534476711426,-4.086973729823178,4.775671892319192
1786776019.789031,0.39148702647971056,0.8347370134461016,5.051050416227556
1786776019.8233638,0.01146452923730834,4.07850448489954,2.8222760351125373
1786776019.8539803,0.35273425996170005,1.8758279642260902,2.0277091857855254
1786776019.9098065,0.5877659587229633,1.0646659831847316,2.539453710590603
1786776019.916973,-0.13133267632731993,-1.5052067305474495,3.296198824319559
1786776019.9511294,0.28317922281418006,1.0202022251293599,3.596218148719826
1786776019.9818017,0.5064760198500693,0.7606400406668499,3.431136320345301
1786776020.015675,0.7479446812696278,-0.4322265610933371,3.855988430577277
1786776020.0937498,0.5064441837972833,-0.015614847531089993,3.01233593779828
1786776020.1280308,0.590594039926053,-0.7043684738400344,3.4488350338402274
1786776020.1585355,0.27422002347531027,-0.27568472896685137,3.4194169719023115
1786776020.1891568,0.1089520218002793,0.10060165494031992,3.685018230969792
1786776020.2232482,0.4232347855257572,0.8546605804468825,3.63102761181859
1786776020.2539108,0.5324982865759917,0.06987074666888304,3.4531615280371533
1786776020.2878292,0.35563144737083086,-0.17525303116700996,3.28716620516796
1786776020.318374,0.3409673098158006,-0.2364146678729071,3.23664703473648
1786776020.3489563,0.49782237707292865,-0.37740954270201144,3.45114004258172
1786776020.382985,0.38745600838301364,-0.3577430165852107,3.637657571988827
1786776020.4134495,0.21254097003336447,0.31552999710465457,3.6356224576312037
1786776020.4948623,0.44609299768202426,0.2253107324033934,3.4178150144421533
1786776020.5254192,0.532223168565384,-0.39264764361018223,3.5760919755183576
1786776020.5593479,0.6186935250927998,0.8474712490292404,2.579294637328845
1786776020.5900798,0.7158059893541182,-0.20229941421226982,1.8104920261272266
1786776020.6240442,0.873196040577481,-1.8559880769484494,2.1042279376928903
1786776020.6547515,0.28189802504204486,-1.2982063117289542,1.946814364904327
1786776020.6852713,0.6312265946338886,-1.7175105853781076,1.9338091323372062
1786776020.7190871,1.7613549946113256,12.210732007785985,-2.0188510879409733
1786776020.7496645,1.4165352675820966,13.348016876109789,0.03502008208709029
1786776020.7836912,0.14156890479874917,3.0097594538209194,-4.6346463230748185
1786776020.8142912,-0.15243132587190011,9.152407202160127,-8.810122752096376
1786776020.893828,-0.2941903949170861,3.013096974449475,-11.261997655838858
1786776020.927845,-0.1552272662929397,5.245343153866941,-12.512684461607535
1786776020.9583485,-0.3020794256269834,2.575275439277199,-12.741247943996793
1786776020.9889913,-0.2713188809691456,0.678798180308597,-12.430106589702632
1786776021.0230615,-0.6657982831899059,3.204455240164762,-12.722302299151291
1786776021.0534723,-0.6116728550579769,-3.002666561662238,-11.018324741069002
1786776021.0875897,-0.49162953469735093,-4.511319212470433,-8.469189236650124
1786776021.1179695,-0.9780971637870497,-9.135484028475055,-4.385799253488592
1786776021.151908,-0.561417179522353,-7.622248408578919,0.3566976409296956
1786776021.1825125,0.3075722726300647,0.559048088682907,5.289455882274108
1786776021.2130477,0.24339145813480734,3.768778862570656,3.215409715973758
1786776021.337769,0.644933200377297,0.2488244488076532,2.677882124775895
1786776021.3584127,-0.11361870349425018,-1.3213635839626932,3.2153685507244933
1786776021.3889885,0.2189872706417546,0.40177394125749544,3.536725097064176
1786776021.4231095,0.5057530305520093,0.008526789791048373,3.544248562207965
1786776021.4538112,0.6441357162960202,-0.994074312696668,3.931963719710142
1786776021.487792,0.20527439970071626,0.43058951521111055,3.1608212765205064
1786776021.5184767,0.45381996159509264,0.12216001192095405,2.839998155031765
1786776021.5488708,0.6408429692065098,-0.9049518746165433,3.4258809578510743
1786776021.5828285,0.2717455645207174,-0.3570921274241101,3.5261339914085674
1786776021.613322,0.2599443773996075,-0.16009109558300594,3.669485338907281
1786776021.695063,0.5441381451656451,0.15498157189000494,3.533889334770489
1786776021.725588,0.3422313222571134,0.030170510112554894,3.3991047790976605
1786776021.7595913,0.36667699312952706,-0.11890133587434093,3.2195578239668663
1786776021.7901826,0.45143898321339115,-0.47361599268747057,3.464131257834106
1786776021.8208635,0.11446115222838671,0.1191391079007218,3.6121909464226434
1786776021.854815,0.3538770306604828,0.0908954533397548,3.6495404858435894
1786776021.8854446,0.4823178557497343,0.45916065993122857,3.477578434776948
1786776021.9194252,0.4633296443453645,-0.47927302978750674,3.4882146052762817
1786776021.9500012,0.35616738171987805,-0.2723742010683665,3.254672074520224
1786776021.9841762,0.6976245275473438,0.7327521203134495,2.541035107337329
1786776022.0148351,0.8410366836878787,-0.1297593943623525,1.7041267184391344
1786776022.062427,0.8676023909724222,-1.6195335562988333,2.115202155117471
1786776022.0929508,0.27869583849108714,-1.510945909520693,2.031644559100336
1786776022.126948,0.5776291905043873,-1.2025916838458741,1.9527513176745561
1786776022.1574874,1.3076371436119967,13.196226753012276,-1.831870733025017
1786776022.1914284,2.1737422566826243,6.675767886680482,0.6769350764611346
1786776022.2220452,0.38632809985090333,5.138304490985938,-4.642511930280918
1786776022.289736,-0.6597097666008143,9.098259197981172,-9.191698743711704
1786776022.3172767,-0.09229716087008732,2.833604780028871,-10.974309173735193
1786776022.3511486,-0.08215852986602279,5.750815182057941,-12.493035654048839
1786776022.3816268,-0.4305712360925771,2.5569390498381495,-12.58081386333567
1786776022.4156053,-0.42634513282366093,0.7099648965831662,-12.34407381231581
1786776022.4632957,-0.684303665816751,3.2574494004216703,-12.767700823812714
1786776022.4938865,-0.6446894007458557,-4.727672006367534,-8.165414037371924
1786776022.5278804,-0.602036788298884,-8.923693842937368,-3.9992423660493905
1786776022.558612,-0.35171467591529826,-7.477055648324701,0.36001086898862056
1786776022.5892367,0.28137645635543684,-4.511373747500535,4.632111386651516
1786776022.6234007,0.6184922636720955,0.6036011143296989,4.9298169736803885
1786776022.6539018,0.08442488645411572,4.050152520792828,2.7253850751640893
1786776022.687866,0.2555292487760976,1.6085320156089864,2.2765313992163563
1786776022.7617774,0.550721506231115,0.7892927304107147,2.5978849350591204
1786776022.7823956,-0.06574605590827787,-0.925047149375736,3.0518488174516065
1786776022.813029,0.27457210447344593,0.8410460394408048,3.5192333038345787
1786776022.8640914,0.478805000684039,0.018109113712377223,3.4940626592137694
1786776022.8948913,0.6098327375249895,-0.5636477753500273,3.809200614411804
1786776022.9254835,0.37492416110188564,0.6119835997493652,3.13233286314901
1786776022.9594183,0.5317654602095523,0.06470073968036871,2.9935698931449846
1786776022.9900217,0.6060325490472476,-0.7740653341994346,3.5542876181104646
1786776023.0240982,0.36145497377879643,-0.1366238791550316,3.6908635272738515
1786776023.0546117,0.22585798521712697,-0.04239329754881993,3.7436811200311464
1786776023.0851543,0.41372715948148553,0.9193561780305188,3.662969538103294
1786776023.11912,0.37122420749565777,-0.12235350948923696,3.3686474636789594
1786776023.1496744,0.44197190866474756,-0.1826246240849585,3.3259487488264945
1786776023.1836908,0.47842722699192564,-0.3559727475097887,3.4469299634830026
1786776023.2141898,0.4127413434094791,-0.5474365983416902,3.810218238599399
1786776023.2616894,0.25476462468777683,0.2798685153378315,3.631612471390424
